<doc:document xmlns:doc="http://www.elsevier.com/xml/document/schema"><rdf:RDF xmlns:rdf="http://www.w3.org/1999/02/22-rdf-syntax-ns#"><rdf:Description rdf:about="http://dx.doi.org/10.1016/0020-0255(74)90001-2"><dc:format xmlns:dc="http://purl.org/dc/elements/1.1/">application/xml</dc:format><dc:title xmlns:dc="http://purl.org/dc/elements/1.1/">Editorial Board</dc:title><dc:description xmlns:dc="http://purl.org/dc/elements/1.1/">Information Sciences 7 (1974) ii-ii. doi:10.1016/0020-0255(74)90001-2</dc:description><prism:aggregationType xmlns:prism="http://prismstandard.org/namespaces/basic/2.0/">journal</prism:aggregationType><prism:publicationName xmlns:prism="http://prismstandard.org/namespaces/basic/2.0/">Information Sciences</prism:publicationName><prism:copyright xmlns:prism="http://prismstandard.org/namespaces/basic/2.0/">Copyright © 1974 Published by Elsevier Inc. All rights reserved.</prism:copyright><dc:publisher xmlns:dc="http://purl.org/dc/elements/1.1/">Elsevier Inc.</dc:publisher><prism:issn xmlns:prism="http://prismstandard.org/namespaces/basic/2.0/">0020-0255</prism:issn><prism:volume xmlns:prism="http://prismstandard.org/namespaces/basic/2.0/">7</prism:volume><prism:coverDisplayDate xmlns:prism="http://prismstandard.org/namespaces/basic/2.0/">1974</prism:coverDisplayDate><prism:coverDate xmlns:prism="http://prismstandard.org/namespaces/basic/2.0/">1974</prism:coverDate><prism:pageRange xmlns:prism="http://prismstandard.org/namespaces/basic/2.0/">ii-ii</prism:pageRange><prism:startingPage xmlns:prism="http://prismstandard.org/namespaces/basic/2.0/">ii</prism:startingPage><prism:endingPage xmlns:prism="http://prismstandard.org/namespaces/basic/2.0/">ii</prism:endingPage><prism:doi xmlns:prism="http://prismstandard.org/namespaces/basic/2.0/">10.1016/0020-0255(74)90001-2</prism:doi><prism:url xmlns:prism="http://prismstandard.org/namespaces/basic/2.0/">http://dx.doi.org/10.1016/0020-0255(74)90001-2</prism:url><dc:identifier xmlns:dc="http://purl.org/dc/elements/1.1/">doi:10.1016/0020-0255(74)90001-2</dc:identifier></rdf:Description></rdf:RDF><dp:document-properties xmlns:dp="http://www.elsevier.com/xml/common/doc-properties/schema"><dp:raw-text>INFORMATION
SCIENCES

An International Journal

EDITOR: John M. Richardson

Volume 7, 1974




Published by

American Eisevier Publishing Company, Inc.

New York

Editor: John M. Richardson

North American Rockwcll Corporation
Science Center, Aerospace ;ind Systems Group
1049Camino Do-. Rios
Thousand Oaks, California 91 360, U.S.A.

Editorial Assistant: PATRICIA RFNFF.R

Associate Editors

MARKA1SERMAN
Institute of Automatics

and Telemechanics
Academy of Sciences of
the U.S.S.R.
Profsejuanaja, 81
Moscow V-485, U.S.S.R.

A.M.ANDREW
Department of Applied
Physical Sciences
University of Reading
Whiteknights/Re;iding

MASANAO AOKI
University of California
Los Angeles
California 90024, U.S.A.

KARL-JOHAN ASTRÖM
Division of
Automatic Control
Lund Institute of
Technology
P.O. Box 725
Lund 7, Sweden

RICHARD BELLMAN
University of
Southern California
Los Angeles
California 90007, U.S.A.

FRANK B. CANNONITO

University of California
Irvine
California 92664, U.S.A.

ROBERT rORTET

Université de Paris VI
Laboratoire de Calcul des
Probabilités
9, Quai Saint Bernard-
Tour 56 Paris 5, France

K. S. FU
School of Electrical
F.ngineering
Purdue University
Lafayette, Indiana 47907
U.S.A.

JOHN C.ERDES
Itek C'orporation
10 McGuire Road
Lexineton.
Massachusetts 02173
U.S.A.

ANTONIO GRASSELLI
Istituto di Elaborazione
dell'Informazione
Via Santa Maria 46
56100 Pisa, Italy

RICHARD W. HAMMING
Bell Telephone
Laboratories Incorporated
Murray Hill
New Jersey 07971, U.S.A.

ARNE JENSEN
The Institute of
Mathematical
Statistics and
Operations Research
The Technical University
of Denmark
Lyngby, Denmark

LAVEEN KANAL
L.N.K. Corporation
302 Notley Court
Silver Spring
Maryland 20904
U.S.A.

ASA KASHER
Bar-Ilan University
Faculty of Science
and Mathematics
Ramat-Gan, Israel

TOSIO KITAGAWA
Faculty of Science
University of Kyushu
Fukuoka,Japan

DEMETR10SG. LAINIOTIS

Department of Electrical

Engineering
State University of
New York at Buffalo
Buffalo, New York 14214

ROBERT EATTF.S
Société d'Informatique
Appliquée
35 Boulevard Brune
Paris 14, France'

M1HAJEO D. MESAROV1C
Systems Research Center
Case Western
Reserve University
Cleveland
Ohio 44106. U.S.A.

FRANK ROSENBLATT
Cornell University, Ithaca
New York 14850, U.S.A.

AZRIEL ROSEN FEED
Computer Science Center
Universitv of Maryland
" College Park
Maryland 20740, U.S.A.

RICHARD C. SINGLETON

Stanford
Research Institute
Menio Park
California 94025, U.S.A.

MICHAEL S. WATANABE
Department of Physics &amp;
Astronomy
University of Hawaii
Honolulu, Hawaii 96822
U.S.A.

BERNARD WIDROW
Stanford University
Stanford
California 94305, U.S.A.

L. E. ZACHR1SSON
Tlie Institute for
Optimization and
Systems Theory
The Royal Institute
of Technology
Stockholm 70, Sweden

LOT1-I ZADEH
University of California
licrkelev
California 94720, U.S.A.

© American Eisevier Publishing Company, Inc., 1974. All rights reserved. No part of this
publication may be reproduced, stored in a retrieval system, or transmitted in any form 01
by any means, electronic, mechanical, photocopying, recording or otherwise, without prior
written permission of the publisher, American Eisevier Publishing Company, Inc.</dp:raw-text><dp:aggregation-type>Journals</dp:aggregation-type><dp:version-number>S350.1</dp:version-number></dp:document-properties><cja:converted-article version="4.5.2" docsubtype="mis" xml:lang="en" xmlns:cja="http://www.elsevier.com/xml/cja/schema">
		<cja:item-info>
			<cja:jid>INS</cja:jid>
			<cja:aid>74900012</cja:aid>
			<ce:pii xmlns:ce="http://www.elsevier.com/xml/common/schema">0020-0255(74)90001-2</ce:pii>
			<ce:doi xmlns:ce="http://www.elsevier.com/xml/common/schema">10.1016/0020-0255(74)90001-2</ce:doi>
			<ce:copyright type="other" year="1974" xmlns:ce="http://www.elsevier.com/xml/common/schema"/>
		</cja:item-info>
		<cja:head>
			<ce:title xmlns:ce="http://www.elsevier.com/xml/common/schema">Editorial Board</ce:title>
		</cja:head>
	</cja:converted-article></doc:document>
