<doc:document xmlns:doc="http://www.elsevier.com/xml/document/schema"><rdf:RDF xmlns:rdf="http://www.w3.org/1999/02/22-rdf-syntax-ns#"><rdf:Description rdf:about="http://dx.doi.org/10.1016/j.ins.2011.04.009"><dc:format xmlns:dc="http://purl.org/dc/elements/1.1/">application/xml</dc:format><dc:title xmlns:dc="http://purl.org/dc/elements/1.1/">Erratum to “On convergence of the multi-objective particle swarm optimizers” [Inform. Sci. 181 (2011) 1411–1425]</dc:title><dc:creator xmlns:dc="http://purl.org/dc/elements/1.1/"><rdf:Seq><rdf:li>Prithwish Chakraborty</rdf:li><rdf:li>Swagatam Das</rdf:li><rdf:li>Gourab Ghosh Roy</rdf:li><rdf:li>Ajith Abraham</rdf:li></rdf:Seq></dc:creator><dc:description xmlns:dc="http://purl.org/dc/elements/1.1/">Information Sciences 181 (2011) 3533-3533. doi:10.1016/j.ins.2011.04.009</dc:description><prism:aggregationType xmlns:prism="http://prismstandard.org/namespaces/basic/2.0/">journal</prism:aggregationType><prism:publicationName xmlns:prism="http://prismstandard.org/namespaces/basic/2.0/">Information Sciences</prism:publicationName><prism:copyright xmlns:prism="http://prismstandard.org/namespaces/basic/2.0/">Copyright © 2011 Elsevier Inc. All rights reserved.</prism:copyright><dc:publisher xmlns:dc="http://purl.org/dc/elements/1.1/">Elsevier Inc.</dc:publisher><prism:issn xmlns:prism="http://prismstandard.org/namespaces/basic/2.0/">0020-0255</prism:issn><prism:volume xmlns:prism="http://prismstandard.org/namespaces/basic/2.0/">181</prism:volume><prism:number xmlns:prism="http://prismstandard.org/namespaces/basic/2.0/">16</prism:number><prism:coverDisplayDate xmlns:prism="http://prismstandard.org/namespaces/basic/2.0/">2011</prism:coverDisplayDate><prism:coverDate xmlns:prism="http://prismstandard.org/namespaces/basic/2.0/">2011</prism:coverDate><prism:pageRange xmlns:prism="http://prismstandard.org/namespaces/basic/2.0/">3533-3533</prism:pageRange><prism:startingPage xmlns:prism="http://prismstandard.org/namespaces/basic/2.0/">3533</prism:startingPage><prism:endingPage xmlns:prism="http://prismstandard.org/namespaces/basic/2.0/">3533</prism:endingPage><prism:doi xmlns:prism="http://prismstandard.org/namespaces/basic/2.0/">10.1016/j.ins.2011.04.009</prism:doi><prism:url xmlns:prism="http://prismstandard.org/namespaces/basic/2.0/">http://dx.doi.org/10.1016/j.ins.2011.04.009</prism:url><dc:identifier xmlns:dc="http://purl.org/dc/elements/1.1/">doi:10.1016/j.ins.2011.04.009</dc:identifier></rdf:Description></rdf:RDF><dp:document-properties xmlns:dp="http://www.elsevier.com/xml/common/doc-properties/schema"><dp:aggregation-type>Journals</dp:aggregation-type><dp:version-number>S300.1</dp:version-number></dp:document-properties><ja:simple-article docsubtype="err" xml:lang="en" version="5.1" xmlns:ja="http://www.elsevier.com/xml/ja/schema">
		<ja:item-info>
			<ja:jid>INS</ja:jid>
			<ja:aid>9060</ja:aid>
			<ce:pii xmlns:ce="http://www.elsevier.com/xml/common/schema">S0020-0255(11)00177-0</ce:pii>
			<ce:doi xmlns:ce="http://www.elsevier.com/xml/common/schema">10.1016/j.ins.2011.04.009</ce:doi>
			<ce:document-thread xmlns:ce="http://www.elsevier.com/xml/common/schema">
				<ce:refers-to-document>
					<ce:pii>S0020-0255(10)00589-X</ce:pii>
					<ce:doi>10.1016/j.ins.2010.11.036</ce:doi>
				</ce:refers-to-document>
			</ce:document-thread>
			<ce:copyright type="full-transfer" year="2011" xmlns:ce="http://www.elsevier.com/xml/common/schema">Elsevier Inc.</ce:copyright>
		</ja:item-info>
		<ja:simple-head>
			<ce:dochead xmlns:ce="http://www.elsevier.com/xml/common/schema">
				<ce:textfn>Erratum</ce:textfn>
			</ce:dochead>
			<ce:title xmlns:ce="http://www.elsevier.com/xml/common/schema">Erratum to “On convergence of the multi-objective particle swarm optimizers” [Inform. Sci. 181 (2011) 1411–1425]</ce:title>
			<ce:author-group xmlns:ce="http://www.elsevier.com/xml/common/schema">
				<ce:author>
					<ce:given-name>Prithwish</ce:given-name>
					<ce:surname>Chakraborty</ce:surname>
					<ce:cross-ref refid="aff1">
						<ce:sup loc="post">a</ce:sup>
					</ce:cross-ref>
					<ce:e-address type="email">prithwish1611@gmail.com</ce:e-address>
				</ce:author>
				<ce:author>
					<ce:given-name>Swagatam</ce:given-name>
					<ce:surname>Das</ce:surname>
					<ce:cross-ref refid="aff1">
						<ce:sup loc="post">a</ce:sup>
					</ce:cross-ref>
					<ce:cross-ref refid="cor1">
						<ce:sup loc="post">⁎</ce:sup>
					</ce:cross-ref>
					<ce:e-address type="email">swagatamdas19@yahoo.co.in</ce:e-address>
				</ce:author>
				<ce:author>
					<ce:given-name>Gourab Ghosh</ce:given-name>
					<ce:surname>Roy</ce:surname>
					<ce:cross-ref refid="aff1">
						<ce:sup loc="post">a</ce:sup>
					</ce:cross-ref>
					<ce:e-address type="email">myself_gourab@yahoo.co.in</ce:e-address>
				</ce:author>
				<ce:author>
					<ce:given-name>Ajith</ce:given-name>
					<ce:surname>Abraham</ce:surname>
					<ce:cross-ref refid="aff2">
						<ce:sup loc="post">b</ce:sup>
					</ce:cross-ref>
					<ce:e-address type="email">ajith.abraham@ieee.org</ce:e-address>
				</ce:author>
				<ce:affiliation id="aff1">
					<ce:label>a</ce:label>
					<ce:textfn>Dept. of Electronics and Telecommunication Eng., Jadavpur University, Kolkata, India</ce:textfn>
				</ce:affiliation>
				<ce:affiliation id="aff2">
					<ce:label>b</ce:label>
					<ce:textfn>Machine Intelligence Research (MIR Labs), Scientific Network for Innovation and Research Excellence, P.O. Box 2259, Auburn, WA 98071-2259, USA</ce:textfn>
				</ce:affiliation>
				<ce:correspondence id="cor1">
					<ce:label>⁎</ce:label>
					<ce:text>Corresponding author.</ce:text>
				</ce:correspondence>
			</ce:author-group>
		</ja:simple-head>
		<ja:body view="all">
			<ce:sections xmlns:ce="http://www.elsevier.com/xml/common/schema">
				<ce:para id="p0005" view="all">On Page 3, statement of Theorem 1 should be corrected as:
					<ce:enunciation id="n0005">
						<ce:label>Theorem 1</ce:label>
						<ce:para id="p0015" view="all">
							<ce:italic>If X is the initial swarm, then subject to restraints outlined in (11), in a multi-objective search space MOPSO algorithm will cause the swarm mean to converge to the center of the Pareto-optimal set Λ
								<ce:sup loc="post">∗</ce:sup> i.e. if μ
								<ce:inf loc="post">n</ce:inf> is the expected population mean after n iterations, then
							</ce:italic>
							<mml:math altimg="si1.gif" overflow="scroll" xmlns:mml="http://www.w3.org/1998/Math/MathML">
								<mml:mrow>
									<mml:msub>
										<mml:mrow>
											<mml:mi mathvariant="normal">lim</mml:mi>
										</mml:mrow>
										<mml:mrow>
											<mml:mi>n</mml:mi>
											<mml:mo>→</mml:mo>
											<mml:mi>∞</mml:mi>
										</mml:mrow>
									</mml:msub>
									<mml:msub>
										<mml:mrow>
											<mml:mi>μ</mml:mi>
										</mml:mrow>
										<mml:mrow>
											<mml:mi>n</mml:mi>
										</mml:mrow>
									</mml:msub>
									<mml:mspace width="0.12em"/>
									<mml:mo>=</mml:mo>
									<mml:mspace width="0.12em"/>
									<mml:msup>
										<mml:mrow>
											<mml:mover accent="true">
												<mml:mrow>
													<mml:mi>X</mml:mi>
												</mml:mrow>
												<mml:mrow>
													<mml:mo>ˆ</mml:mo>
												</mml:mrow>
											</mml:mover>
										</mml:mrow>
										<mml:mrow>
											<mml:mo>∗</mml:mo>
										</mml:mrow>
									</mml:msup>
								</mml:mrow>
							</mml:math>; 
							<ce:italic>where</ce:italic>
							<mml:math altimg="si2.gif" overflow="scroll" xmlns:mml="http://www.w3.org/1998/Math/MathML">
								<mml:mrow>
									<mml:msup>
										<mml:mrow>
											<mml:mover accent="true">
												<mml:mrow>
													<mml:mi>X</mml:mi>
												</mml:mrow>
												<mml:mrow>
													<mml:mo>ˆ</mml:mo>
												</mml:mrow>
											</mml:mover>
										</mml:mrow>
										<mml:mrow>
											<mml:mo>∗</mml:mo>
										</mml:mrow>
									</mml:msup>
								</mml:mrow>
							</mml:math>
							<ce:italic>denotes the center of the Pareto-optimal set</ce:italic>.
						</ce:para>
					</ce:enunciation>
				</ce:para>
				<ce:para id="p0010" view="all">Note that in the original paper, instead of “restraints outlined in (11)”, it was printed that “restraints outlined in (10)”.</ce:para>
			</ce:sections>
		</ja:body>
	</ja:simple-article></doc:document>
