<doc:document xmlns:doc="http://www.elsevier.com/xml/document/schema"><rdf:RDF xmlns:rdf="http://www.w3.org/1999/02/22-rdf-syntax-ns#"><rdf:Description rdf:about="http://dx.doi.org/10.1016/j.ins.2011.03.022"><dc:format xmlns:dc="http://purl.org/dc/elements/1.1/">application/xml</dc:format><dc:title xmlns:dc="http://purl.org/dc/elements/1.1/">Erratum to “Second order (
				F,
				
				α,
				
				ρ,
				
				d)-convexity and duality in multiobjective programming” [Inform. Sci. 176 (2006) 3094–3103]
			</dc:title><dc:creator xmlns:dc="http://purl.org/dc/elements/1.1/"><rdf:Seq><rdf:li>I. Ahmad</rdf:li><rdf:li>Z. Husain</rdf:li></rdf:Seq></dc:creator><dc:description xmlns:dc="http://purl.org/dc/elements/1.1/">Information Sciences 181 (2011) 3532-3532. doi:10.1016/j.ins.2011.03.022</dc:description><prism:aggregationType xmlns:prism="http://prismstandard.org/namespaces/basic/2.0/">journal</prism:aggregationType><prism:publicationName xmlns:prism="http://prismstandard.org/namespaces/basic/2.0/">Information Sciences</prism:publicationName><prism:copyright xmlns:prism="http://prismstandard.org/namespaces/basic/2.0/">Copyright © 2011 Elsevier Inc. All rights reserved.</prism:copyright><dc:publisher xmlns:dc="http://purl.org/dc/elements/1.1/">Elsevier Inc.</dc:publisher><prism:issn xmlns:prism="http://prismstandard.org/namespaces/basic/2.0/">0020-0255</prism:issn><prism:volume xmlns:prism="http://prismstandard.org/namespaces/basic/2.0/">181</prism:volume><prism:number xmlns:prism="http://prismstandard.org/namespaces/basic/2.0/">16</prism:number><prism:coverDisplayDate xmlns:prism="http://prismstandard.org/namespaces/basic/2.0/">2011</prism:coverDisplayDate><prism:coverDate xmlns:prism="http://prismstandard.org/namespaces/basic/2.0/">2011</prism:coverDate><prism:pageRange xmlns:prism="http://prismstandard.org/namespaces/basic/2.0/">3532-3532</prism:pageRange><prism:startingPage xmlns:prism="http://prismstandard.org/namespaces/basic/2.0/">3532</prism:startingPage><prism:endingPage xmlns:prism="http://prismstandard.org/namespaces/basic/2.0/">3532</prism:endingPage><prism:doi xmlns:prism="http://prismstandard.org/namespaces/basic/2.0/">10.1016/j.ins.2011.03.022</prism:doi><prism:url xmlns:prism="http://prismstandard.org/namespaces/basic/2.0/">http://dx.doi.org/10.1016/j.ins.2011.03.022</prism:url><dc:identifier xmlns:dc="http://purl.org/dc/elements/1.1/">doi:10.1016/j.ins.2011.03.022</dc:identifier></rdf:Description></rdf:RDF><dp:document-properties xmlns:dp="http://www.elsevier.com/xml/common/doc-properties/schema"><dp:aggregation-type>Journals</dp:aggregation-type><dp:version-number>S300.1</dp:version-number></dp:document-properties><ja:simple-article docsubtype="err" xml:lang="en" version="5.1" xmlns:ja="http://www.elsevier.com/xml/ja/schema">
		<ja:item-info>
			<ja:jid>INS</ja:jid>
			<ja:aid>9048</ja:aid>
			<ce:pii xmlns:ce="http://www.elsevier.com/xml/common/schema">S0020-0255(11)00157-5</ce:pii>
			<ce:doi xmlns:ce="http://www.elsevier.com/xml/common/schema">10.1016/j.ins.2011.03.022</ce:doi>
			<ce:document-thread xmlns:ce="http://www.elsevier.com/xml/common/schema">
				<ce:refers-to-document>
					<ce:pii>S0020-0255(05)00248-3</ce:pii>
					<ce:doi>10.1016/j.ins.2005.08.003</ce:doi>
				</ce:refers-to-document>
			</ce:document-thread>
			<ce:copyright type="full-transfer" year="2011" xmlns:ce="http://www.elsevier.com/xml/common/schema">Elsevier Inc.</ce:copyright>
		</ja:item-info>
		<ja:simple-head>
			<ce:dochead xmlns:ce="http://www.elsevier.com/xml/common/schema">
				<ce:textfn>Erratum</ce:textfn>
			</ce:dochead>
			<ce:title xmlns:ce="http://www.elsevier.com/xml/common/schema">Erratum to “Second order (
				<ce:italic>F</ce:italic>,
				<ce:hsp sp="0.12"/>
				<ce:italic>α</ce:italic>,
				<ce:hsp sp="0.12"/>
				<ce:italic>ρ</ce:italic>,
				<ce:hsp sp="0.12"/>
				<ce:italic>d</ce:italic>)-convexity and duality in multiobjective programming” [Inform. Sci. 176 (2006) 3094–3103]
			</ce:title>
			<ce:author-group xmlns:ce="http://www.elsevier.com/xml/common/schema">
				<ce:author>
					<ce:given-name>I.</ce:given-name>
					<ce:surname>Ahmad</ce:surname>
					<ce:cross-ref refid="aff1">
						<ce:sup loc="post">a</ce:sup>
					</ce:cross-ref>
				</ce:author>
				<ce:author>
					<ce:given-name>Z.</ce:given-name>
					<ce:surname>Husain</ce:surname>
					<ce:cross-ref refid="aff2">
						<ce:sup loc="post">b</ce:sup>
					</ce:cross-ref>
					<ce:cross-ref refid="cor1">
						<ce:sup loc="post">⁎</ce:sup>
					</ce:cross-ref>
					<ce:e-address type="email">zhusain_amu@hotmail.com</ce:e-address>
				</ce:author>
				<ce:affiliation id="aff1">
					<ce:label>a</ce:label>
					<ce:textfn>Department of Mathematics and Statistics, King Fahd University of Petroleum and Minerals, Dhahran 31261, Saudi Arabia</ce:textfn>
				</ce:affiliation>
				<ce:affiliation id="aff2">
					<ce:label>b</ce:label>
					<ce:textfn>Department of General Studies, Yanbu University College, Yanbu Al-Sinaiyah 51000, Saudi Arabia</ce:textfn>
				</ce:affiliation>
				<ce:correspondence id="cor1">
					<ce:label>⁎</ce:label>
					<ce:text>Corresponding author. Permanent Address: Department of Mathematics, Aligarh Muslim University, Aligarh 202 002, India. Tel.: +91 9358760787.</ce:text>
				</ce:correspondence>
			</ce:author-group>
		</ja:simple-head>
		<ja:body view="all">
			<ce:sections xmlns:ce="http://www.elsevier.com/xml/common/schema">
				<ce:para id="p0005" view="all">In the above mentioned article, in Definitions 3–7, the condition 
					<ce:bold>for some</ce:bold>
					<ce:italic>p</ce:italic>
					<ce:hsp sp="0.25"/>∈
					<ce:hsp sp="0.25"/>
					<ce:italic>R</ce:italic>
					<ce:sup loc="post">
						<ce:italic>n</ce:italic>
					</ce:sup> must be read as 
					<ce:bold>for all</ce:bold>
					<ce:italic>p</ce:italic>
					<ce:hsp sp="0.25"/>∈
					<ce:hsp sp="0.25"/>
					<ce:italic>R</ce:italic>
					<ce:sup loc="post">
						<ce:italic>n</ce:italic>
					</ce:sup>. For better understanding, below, we rewrite Definition 3 only, and other definitions can be corrected in a similar way.
					<ce:enunciation id="n0005">
						<ce:label>Definition 3</ce:label>
						<ce:para id="p0010" view="all">A twice differentiable function 
							<ce:italic>f</ce:italic>
							<ce:inf loc="post">
								<ce:italic>i</ce:italic>
							</ce:inf> over 
							<ce:italic>X</ce:italic> is said to be second order (
							<ce:italic>F</ce:italic>,
							<ce:hsp sp="0.12"/>
							<ce:italic>α</ce:italic>,
							<ce:hsp sp="0.12"/>
							<ce:italic>ρ</ce:italic>
							<ce:inf loc="post">
								<ce:italic>i</ce:italic>
							</ce:inf>,
							<ce:hsp sp="0.12"/>
							<ce:italic>d</ce:italic>)-convex at 
							<mml:math altimg="si1.gif" overflow="scroll" xmlns:mml="http://www.w3.org/1998/Math/MathML">
								<mml:mrow>
									<mml:mover accent="true">
										<mml:mrow>
											<mml:mi>x</mml:mi>
										</mml:mrow>
										<mml:mrow>
											<mml:mo>¯</mml:mo>
										</mml:mrow>
									</mml:mover>
								</mml:mrow>
							</mml:math> on 
							<ce:italic>X</ce:italic>, if there exist functions 
							<ce:italic>α</ce:italic>
							<ce:hsp sp="0.25"/>:
							<ce:hsp sp="0.25"/>
							<ce:italic>X</ce:italic>
							<ce:hsp sp="0.25"/>×
							<ce:hsp sp="0.25"/>
							<ce:italic>X</ce:italic>
							<ce:hsp sp="0.25"/>↦
							<ce:hsp sp="0.25"/>
							<ce:italic>R</ce:italic>
							<ce:inf loc="post">+</ce:inf>⧹{0}, 
							<ce:italic>d</ce:italic>(·,
							<ce:hsp sp="0.12"/>·)
							<ce:hsp sp="0.25"/>:
							<ce:hsp sp="0.25"/>
							<ce:italic>X</ce:italic>
							<ce:hsp sp="0.25"/>×
							<ce:hsp sp="0.25"/>
							<ce:italic>X</ce:italic>
							<ce:hsp sp="0.25"/>↦
							<ce:hsp sp="0.25"/>
							<ce:italic>R</ce:italic> and a real number 
							<ce:italic>ρ</ce:italic>
							<ce:inf loc="post">
								<ce:italic>i</ce:italic>
							</ce:inf> such that for all 
							<ce:italic>x</ce:italic>
							<ce:hsp sp="0.25"/>∈
							<ce:hsp sp="0.25"/>
							<ce:italic>X</ce:italic> and for all 
							<ce:italic>p</ce:italic>
							<ce:hsp sp="0.25"/>∈
							<ce:hsp sp="0.25"/>
							<ce:italic>R</ce:italic>
							<ce:sup loc="post">
								<ce:italic>n</ce:italic>
							</ce:sup>,
							<ce:display>
								<ce:formula id="e0005">
									<mml:math altimg="si2.gif" overflow="scroll" xmlns:mml="http://www.w3.org/1998/Math/MathML">
										<mml:msub>
											<mml:mrow>
												<mml:mi>f</mml:mi>
											</mml:mrow>
											<mml:mrow>
												<mml:mi>i</mml:mi>
											</mml:mrow>
										</mml:msub>
										<mml:mo stretchy="false">(</mml:mo>
										<mml:mi>x</mml:mi>
										<mml:mo stretchy="false">)</mml:mo>
										<mml:mo>-</mml:mo>
										<mml:msub>
											<mml:mrow>
												<mml:mi>f</mml:mi>
											</mml:mrow>
											<mml:mrow>
												<mml:mi>i</mml:mi>
											</mml:mrow>
										</mml:msub>
										<mml:mo stretchy="false">(</mml:mo>
										<mml:mover accent="true">
											<mml:mrow>
												<mml:mi>x</mml:mi>
											</mml:mrow>
											<mml:mrow>
												<mml:mo>¯</mml:mo>
											</mml:mrow>
										</mml:mover>
										<mml:mo stretchy="false">)</mml:mo>
										<mml:mo>+</mml:mo>
										<mml:mfrac>
											<mml:mrow>
												<mml:mn>1</mml:mn>
											</mml:mrow>
											<mml:mrow>
												<mml:mn>2</mml:mn>
											</mml:mrow>
										</mml:mfrac>
										<mml:msup>
											<mml:mrow>
												<mml:mi>p</mml:mi>
											</mml:mrow>
											<mml:mrow>
												<mml:mi>t</mml:mi>
											</mml:mrow>
										</mml:msup>
										<mml:msup>
											<mml:mrow>
												<mml:mi>∇</mml:mi>
											</mml:mrow>
											<mml:mrow>
												<mml:mn>2</mml:mn>
											</mml:mrow>
										</mml:msup>
										<mml:msub>
											<mml:mrow>
												<mml:mi>f</mml:mi>
											</mml:mrow>
											<mml:mrow>
												<mml:mi>i</mml:mi>
											</mml:mrow>
										</mml:msub>
										<mml:mo stretchy="false">(</mml:mo>
										<mml:mover accent="true">
											<mml:mrow>
												<mml:mi>x</mml:mi>
											</mml:mrow>
											<mml:mrow>
												<mml:mo>¯</mml:mo>
											</mml:mrow>
										</mml:mover>
										<mml:mo stretchy="false">)</mml:mo>
										<mml:mi>p</mml:mi>
										<mml:mspace width="0.25em"/>
										<mml:mi>≧</mml:mi>
										<mml:mspace width="0.25em"/>
										<mml:mi>F</mml:mi>
										<mml:mo stretchy="false">(</mml:mo>
										<mml:mi>x</mml:mi>
										<mml:mtext>,</mml:mtext>
										<mml:mover accent="true">
											<mml:mrow>
												<mml:mi>x</mml:mi>
											</mml:mrow>
											<mml:mrow>
												<mml:mo>¯</mml:mo>
											</mml:mrow>
										</mml:mover>
										<mml:mtext>;</mml:mtext>
										<mml:mi>α</mml:mi>
										<mml:mo stretchy="false">(</mml:mo>
										<mml:mi>x</mml:mi>
										<mml:mtext>,</mml:mtext>
										<mml:mover accent="true">
											<mml:mrow>
												<mml:mi>x</mml:mi>
											</mml:mrow>
											<mml:mrow>
												<mml:mo>¯</mml:mo>
											</mml:mrow>
										</mml:mover>
										<mml:mo stretchy="false">)</mml:mo>
										<mml:mo stretchy="false">{</mml:mo>
										<mml:mi>∇</mml:mi>
										<mml:msub>
											<mml:mrow>
												<mml:mi>f</mml:mi>
											</mml:mrow>
											<mml:mrow>
												<mml:mi>i</mml:mi>
											</mml:mrow>
										</mml:msub>
										<mml:mo stretchy="false">(</mml:mo>
										<mml:mover accent="true">
											<mml:mrow>
												<mml:mi>x</mml:mi>
											</mml:mrow>
											<mml:mrow>
												<mml:mo>¯</mml:mo>
											</mml:mrow>
										</mml:mover>
										<mml:mo stretchy="false">)</mml:mo>
										<mml:mo>+</mml:mo>
										<mml:msup>
											<mml:mrow>
												<mml:mi>∇</mml:mi>
											</mml:mrow>
											<mml:mrow>
												<mml:mn>2</mml:mn>
											</mml:mrow>
										</mml:msup>
										<mml:msub>
											<mml:mrow>
												<mml:mi>f</mml:mi>
											</mml:mrow>
											<mml:mrow>
												<mml:mi>i</mml:mi>
											</mml:mrow>
										</mml:msub>
										<mml:mo stretchy="false">(</mml:mo>
										<mml:mover accent="true">
											<mml:mrow>
												<mml:mi>x</mml:mi>
											</mml:mrow>
											<mml:mrow>
												<mml:mo>¯</mml:mo>
											</mml:mrow>
										</mml:mover>
										<mml:mo stretchy="false">)</mml:mo>
										<mml:mi>p</mml:mi>
										<mml:mo stretchy="false">}</mml:mo>
										<mml:mo stretchy="false">)</mml:mo>
										<mml:mo>+</mml:mo>
										<mml:msub>
											<mml:mrow>
												<mml:mi>ρ</mml:mi>
											</mml:mrow>
											<mml:mrow>
												<mml:mi>i</mml:mi>
											</mml:mrow>
										</mml:msub>
										<mml:msup>
											<mml:mrow>
												<mml:mi>d</mml:mi>
											</mml:mrow>
											<mml:mrow>
												<mml:mn>2</mml:mn>
											</mml:mrow>
										</mml:msup>
										<mml:mo stretchy="false">(</mml:mo>
										<mml:mi>x</mml:mi>
										<mml:mtext>,</mml:mtext>
										<mml:mover accent="true">
											<mml:mrow>
												<mml:mi>x</mml:mi>
											</mml:mrow>
											<mml:mrow>
												<mml:mo>¯</mml:mo>
											</mml:mrow>
										</mml:mover>
										<mml:mo stretchy="false">)</mml:mo>
										<mml:mtext>.</mml:mtext>
									</mml:math>
								</ce:formula>
							</ce:display>
						</ce:para>
					</ce:enunciation>
				</ce:para>
			</ce:sections>
		</ja:body>
	</ja:simple-article></doc:document>
