<doc:document xmlns:doc="http://www.elsevier.com/xml/document/schema"><rdf:RDF xmlns:rdf="http://www.w3.org/1999/02/22-rdf-syntax-ns#"><rdf:Description rdf:about="http://dx.doi.org/10.1016/0020-0255(74)90012-7"><dc:format xmlns:dc="http://purl.org/dc/elements/1.1/">application/xml</dc:format><dc:title xmlns:dc="http://purl.org/dc/elements/1.1/">Sequential estimation with unestimated parameters-the fallacy</dc:title><dc:creator xmlns:dc="http://purl.org/dc/elements/1.1/"><rdf:Seq><rdf:li>Lawrence Schwartz</rdf:li></rdf:Seq></dc:creator><dc:description xmlns:dc="http://purl.org/dc/elements/1.1/">Information Sciences 7 (1974) 185-187. doi:10.1016/0020-0255(74)90012-7</dc:description><prism:aggregationType xmlns:prism="http://prismstandard.org/namespaces/basic/2.0/">journal</prism:aggregationType><prism:publicationName xmlns:prism="http://prismstandard.org/namespaces/basic/2.0/">Information Sciences</prism:publicationName><prism:copyright xmlns:prism="http://prismstandard.org/namespaces/basic/2.0/">Copyright © unknown. Published by Elsevier Inc.</prism:copyright><dc:publisher xmlns:dc="http://purl.org/dc/elements/1.1/">Elsevier Inc.</dc:publisher><prism:issn xmlns:prism="http://prismstandard.org/namespaces/basic/2.0/">0020-0255</prism:issn><prism:volume xmlns:prism="http://prismstandard.org/namespaces/basic/2.0/">7</prism:volume><prism:coverDisplayDate xmlns:prism="http://prismstandard.org/namespaces/basic/2.0/">1974</prism:coverDisplayDate><prism:coverDate xmlns:prism="http://prismstandard.org/namespaces/basic/2.0/">1974</prism:coverDate><prism:pageRange xmlns:prism="http://prismstandard.org/namespaces/basic/2.0/">185-187</prism:pageRange><prism:startingPage xmlns:prism="http://prismstandard.org/namespaces/basic/2.0/">185</prism:startingPage><prism:endingPage xmlns:prism="http://prismstandard.org/namespaces/basic/2.0/">187</prism:endingPage><prism:doi xmlns:prism="http://prismstandard.org/namespaces/basic/2.0/">10.1016/0020-0255(74)90012-7</prism:doi><prism:url xmlns:prism="http://prismstandard.org/namespaces/basic/2.0/">http://dx.doi.org/10.1016/0020-0255(74)90012-7</prism:url><dc:identifier xmlns:dc="http://purl.org/dc/elements/1.1/">doi:10.1016/0020-0255(74)90012-7</dc:identifier></rdf:Description></rdf:RDF><dp:document-properties xmlns:dp="http://www.elsevier.com/xml/common/doc-properties/schema"><dp:raw-text>INFORMATION SCIENCES 7,185-187 (1974) 185

Sequential Estimation with Unestimated Parameters-the Fallacy

LAWRENCE SCHWARTZ
Huges Aircraft Company. P.O. Box 92426, Los Angeles. Calif. 90009

Communicated by J. M. Richardson

ABSTRACT

The derivation of formulas for sequential estimation in the presence of unestimated
uncertain parameters is the subject of earlier papers. It is shown herein that the estimation
procedure involves the involuntary estimation of the uncertain parameters.

INTRODUCTION

In [1,2] the equations for the optimal linear sequential estimator are found
for a model with uncertain parameters that are not to be estimated, though the
uncertainty is to be accounted for in the estimation. The resulting estimator
formula is compared with the sequential estimation formula when the uncertain
parameters are adjoined to the state vector and estimated. It is shown that the
two estimators require vectors and matrices of equal number and dimensions.
In other words, in the unestimated parameters case there are analogs of the
vector of the parameters, the covariance of the parameters, and the covariance
of the parameters with the state. It is shown in the sequel that the estimates
are identical in both cases and that the analog of the parameter vector is a
linear transformation of the parameter vector obtained from the estimated
parameter case.

FORMULATION

Let x denote the state vector,^ the vector of errors in parameters, ü the
measurement noise, and z the measurement:

Zi=HiX,+Miy+v,.                      (1)

For each measurement time ?,. If the parameters are to be estimated, the terms
in x, and y are combined into one vector:

©American Eisevier Publishing Company, Inc., 1974

186 LAWRENCE SCHWARTZ

[HM,] r'.                      (2)

h J

Otherwise, the observation error is taken asAf,^ + ü;.

A more careful look at the problem shows Eq. l to be incomplete for the
estimated parameter case. Since the parameters are being used in the model,
there must be a prior guess with a given covariance matrix. The prior value of
the error vector is zero with error y. To include the prior guess into the for-
mulation an additional equivalent measurement must be added:

0-y-y                   (3)

where zero is the observed initial error, y is the actual error and -y is the
observational error. Thus, the batch version of Eq. l must be

T1-

i\ [y\

(4)

fzl \H M\\x\ f

[oJ'lo JU4-.J

Let R denote the covariance of ü and Q the covariance of y, and where ü and y are
assumed uncorrelated.

EQUALITY OF THE ESTIMATES

To show that both approaches lead to the same estimate, it is convenient
to perform the estimates as single batches. Assume that Eq. l without sub-
scripts represents the totality of observations with x referred to a single
instant, say the initial time. Let Xe denote the estimate of-n: obtained when
the parameters are estimated and Xu denote the estimate when they are not.
Lety be the estimate ofy.

The optimal estimates in the two cases are

jc = (H\R +MQMt)~lIf)~lHt (R +MQMtyl z            (5)

'l'. »![:]

=[/,0] [^R^H H^M     l-1 p/'I.R-1 z
M^^H M^M+Q'1}    [MJ

^(H^H- I^tR-lM(MtR~lM+ u-1)-1^^-1^-1 H'R^z
- (H^H-^R^MCM'R^M+Q'1)'1
X Afî-l)-l^^-lA(Af(^-lM+ ß-^M^-'z

= [H^R-1 - R^M^R^M+Q-^^M'R-^H}^
XH^R'1 - R~\M(MtR~\ M+Q^M^'1)!

SEQUENTIAL ESTIMATION                                           187

= [H^R +MQMt)~lH}~l H^R +^ßAr)-lz,            (6)

which establishes the equality of the two estimates.

Reference 1 shows that the ; + l st estimate in the sequential form is a linear
combination of the fth estimate, the ; + 1st observation and another vector of
dimension equal to the unestimated parameters. Now consider Xe to be the
; + 1st estimate in a sequential process, where x,+i = '^1+1^X1. The sequential
estimate is given by

Xe,i+l = [1,0] pe,i+l|

b- J

=(P,H^ +P,M^)R^(z,^ -/, q&gt;,.,,A,,-AW;)    (7)

where Pi and P^ are submatrices of [/, 0] Pj+i. Since Xp and Xu are equal, Eq. 7
gives Xu (+i also. Thus Xu 1+1 is a linear combination of the ;'th estimate, the
; + 1 st observation, and the ;th estimate of the errors in the uncertain parameters,
which implies that the vector of dimension equal to the unestimated parameters
is a linear transformation of the estimate of the errors in the parameters. Thus,
the unestimated parameters are really estimated in the sequential version.

REFERENCES

1. L. Schwartz, Linear sequential estimation with unestimated parameters, Inform. Sei. l,
329-334(1969).

2. L. Schwartz, Sequential estimation with unestimated parameters-the forced case,
Inform. Sei. 2,77-81 (1970).

Received July 17, 1973</dp:raw-text><dp:aggregation-type>Journals</dp:aggregation-type><dp:version-number>S350.1</dp:version-number></dp:document-properties><cja:converted-article version="4.5.2" docsubtype="fla" xml:lang="en" xmlns:cja="http://www.elsevier.com/xml/cja/schema">
		<cja:item-info>
			<cja:jid>INS</cja:jid>
			<cja:aid>74900127</cja:aid>
			<ce:pii xmlns:ce="http://www.elsevier.com/xml/common/schema">0020-0255(74)90012-7</ce:pii>
			<ce:doi xmlns:ce="http://www.elsevier.com/xml/common/schema">10.1016/0020-0255(74)90012-7</ce:doi>
			<ce:copyright type="unknown" year="1974" xmlns:ce="http://www.elsevier.com/xml/common/schema"/>
		</cja:item-info>
		<cja:head>
			<ce:title xmlns:ce="http://www.elsevier.com/xml/common/schema">Sequential estimation with unestimated parameters-the fallacy</ce:title>
			<ce:author-group xmlns:ce="http://www.elsevier.com/xml/common/schema">
				<ce:author>
					<ce:given-name>Lawrence</ce:given-name>
					<ce:surname>Schwartz</ce:surname>
				</ce:author>
				<ce:affiliation>
					<ce:textfn>Huges Aircraft Company, P.O. Box 92426, Los Angeles, Calif. 90009 USA</ce:textfn>
				</ce:affiliation>
			</ce:author-group>
			<ce:date-received day="17" month="7" year="1973" xmlns:ce="http://www.elsevier.com/xml/common/schema"/>
			<ce:miscellaneous xmlns:ce="http://www.elsevier.com/xml/common/schema">Communicated by J. M. Richardson</ce:miscellaneous>
			<ce:abstract class="author" xmlns:ce="http://www.elsevier.com/xml/common/schema">
				<ce:section-title>Abstract</ce:section-title>
				<ce:abstract-sec>
					<ce:simple-para view="all">The derivation of formulas for sequential estimation in the presence of unestimated uncertain parameters is the subject of earlier papers. It is shown herein that the estimation procedure involves the involuntary estimation of the uncertain parameters.</ce:simple-para>
				</ce:abstract-sec>
			</ce:abstract>
		</cja:head>
		<cja:tail>
			<ce:bibliography view="all" xmlns:ce="http://www.elsevier.com/xml/common/schema">
				<ce:section-title>References</ce:section-title>
				<ce:bibliography-sec>
					<ce:bib-reference id="BIB1">
						<ce:label>1.</ce:label>
						<sb:reference xmlns:sb="http://www.elsevier.com/xml/common/struct-bib/schema">
							<sb:contribution langtype="en">
								<sb:authors>
									<sb:author>
										<ce:given-name>L.</ce:given-name>
										<ce:surname>Schwartz</ce:surname>
									</sb:author>
								</sb:authors>
								<sb:title>
									<sb:maintitle>Linear sequential estimation with unestimated parameters</sb:maintitle>
								</sb:title>
							</sb:contribution>
							<sb:host>
								<sb:issue>
									<sb:series>
										<sb:title>
											<sb:maintitle>Inform. Sci.</sb:maintitle>
										</sb:title>
										<sb:volume-nr>1</sb:volume-nr>
									</sb:series>
									<sb:date>1969</sb:date>
								</sb:issue>
								<sb:pages>
									<sb:first-page>329</sb:first-page>
									<sb:last-page>334</sb:last-page>
								</sb:pages>
							</sb:host>
						</sb:reference>
					</ce:bib-reference>
					<ce:bib-reference id="BIB2">
						<ce:label>2.</ce:label>
						<sb:reference xmlns:sb="http://www.elsevier.com/xml/common/struct-bib/schema">
							<sb:contribution langtype="en">
								<sb:authors>
									<sb:author>
										<ce:given-name>L.</ce:given-name>
										<ce:surname>Schwartz</ce:surname>
									</sb:author>
								</sb:authors>
								<sb:title>
									<sb:maintitle>Sequential estimation with unestimated parameters-the forced case</sb:maintitle>
								</sb:title>
							</sb:contribution>
							<sb:host>
								<sb:issue>
									<sb:series>
										<sb:title>
											<sb:maintitle>Inform. Sci.</sb:maintitle>
										</sb:title>
										<sb:volume-nr>2</sb:volume-nr>
									</sb:series>
									<sb:date>1970</sb:date>
								</sb:issue>
								<sb:pages>
									<sb:first-page>77</sb:first-page>
									<sb:last-page>81</sb:last-page>
								</sb:pages>
							</sb:host>
						</sb:reference>
					</ce:bib-reference>
				</ce:bibliography-sec>
			</ce:bibliography>
		</cja:tail>
	</cja:converted-article></doc:document>
