<doc:document xmlns:doc="http://www.elsevier.com/xml/document/schema"><rdf:RDF xmlns:rdf="http://www.w3.org/1999/02/22-rdf-syntax-ns#"><rdf:Description rdf:about="http://dx.doi.org/10.1016/0020-0255(74)90007-3"><dc:format xmlns:dc="http://purl.org/dc/elements/1.1/">application/xml</dc:format><dc:title xmlns:dc="http://purl.org/dc/elements/1.1/">Two-automata games</dc:title><dc:creator xmlns:dc="http://purl.org/dc/elements/1.1/"><rdf:Seq><rdf:li>Akihiro Takeuchi</rdf:li><rdf:li>Tadahiro Kitahashi</rdf:li><rdf:li>Kokichi Tanaka</rdf:li></rdf:Seq></dc:creator><dc:description xmlns:dc="http://purl.org/dc/elements/1.1/">Information Sciences 7 (1974) 81-93. doi:10.1016/0020-0255(74)90007-3</dc:description><prism:aggregationType xmlns:prism="http://prismstandard.org/namespaces/basic/2.0/">journal</prism:aggregationType><prism:publicationName xmlns:prism="http://prismstandard.org/namespaces/basic/2.0/">Information Sciences</prism:publicationName><prism:copyright xmlns:prism="http://prismstandard.org/namespaces/basic/2.0/">Copyright © unknown. Published by Elsevier Inc.</prism:copyright><dc:publisher xmlns:dc="http://purl.org/dc/elements/1.1/">Elsevier Inc.</dc:publisher><prism:issn xmlns:prism="http://prismstandard.org/namespaces/basic/2.0/">0020-0255</prism:issn><prism:volume xmlns:prism="http://prismstandard.org/namespaces/basic/2.0/">7</prism:volume><prism:coverDisplayDate xmlns:prism="http://prismstandard.org/namespaces/basic/2.0/">1974</prism:coverDisplayDate><prism:coverDate xmlns:prism="http://prismstandard.org/namespaces/basic/2.0/">1974</prism:coverDate><prism:pageRange xmlns:prism="http://prismstandard.org/namespaces/basic/2.0/">81-93</prism:pageRange><prism:startingPage xmlns:prism="http://prismstandard.org/namespaces/basic/2.0/">81</prism:startingPage><prism:endingPage xmlns:prism="http://prismstandard.org/namespaces/basic/2.0/">93</prism:endingPage><prism:doi xmlns:prism="http://prismstandard.org/namespaces/basic/2.0/">10.1016/0020-0255(74)90007-3</prism:doi><prism:url xmlns:prism="http://prismstandard.org/namespaces/basic/2.0/">http://dx.doi.org/10.1016/0020-0255(74)90007-3</prism:url><dc:identifier xmlns:dc="http://purl.org/dc/elements/1.1/">doi:10.1016/0020-0255(74)90007-3</dc:identifier></rdf:Description></rdf:RDF><dp:document-properties xmlns:dp="http://www.elsevier.com/xml/common/doc-properties/schema"><dp:raw-text>INFORMATION SCIENCES 7, 81-93 (1974) 81

Two-Automata Games

AK1H1RO TAKEUCHI, TADAHIRO KITAHASHI, AND KOK1CHI TANAKA
Faculty o/Engineering Science, Osaka University, Toyonaka, Osaka, Japan 560

Communicated by J. M. Richardson

ABSTRACT

It is an interesting point of view to consider automata games as a model of human be-
haviors in a society. Automata games have been proposed by Tsetlin and Krylov. In their
model, however, the final expected value of winnings was not equal to the value, of Von
Neumann in the game theory.

In this paper, we consider the two automata zero sum games between automata pro-
posed by Fu and Li with two strategies, and show that if the game matrix G = [^,,] satisfies
the condition

min max [g,y] = max min [g^] = g,j
i   i          i   i

then the final expected value of winnings is equal to the value of Von Neumann. Satisfac-
tory results are obtained by computer simulations, as shown at the end of this paper.

1. INTRODUCTION

The games between random media and an automaton (games with nature)
was proposed by Tsetlin [1], in 1961. In another paper, he and Krylov [2]
studied automata games, while Chandrasekaran and Shen [3] analyzed zero
sum games with two variable-structure stochastic automata. Those automata
used in their model, however, had an optimal behavior in random media under
the condition min {p,} ^ \, where {p;} are the probabilities of penalty that
are imposed on the automaton. Therefore, if those automata take part in the
two automata zero sum games, the following results were obtained regardless of
the value of Von Neumann in the game theory.

(1) If the game matrix G has a row of positive (column of negative) elements,
then the final expected value of winnings W is the harmonic mean of the ele-
ments of this row (column).

©American Eisevier Publishing Company, Inc., 1974

82       AKIHIRO TAKEUCHI, TADAHIRO KITAHASHI, AND KOKICHI TANAKA

(2) If G has no row of all positive elements or no column of negative ele-
ments, then W = 0 for Tsetlin's automata, and analysis is impossible for
Chandrasekaran's automata.

On the other hand, Krylov [4], Fu and Li [5], and authors [6] showed that
automata with a modified transition table could remove the above condition in
random media.

In this paper, we consider the two automata zero sum games between Fu's
automata with two strategies and show that if the game matrix G = [gij] sat-
isfies the condition

min max [g] = max min [g] =g,/                (1)
/   '         '   /

(in this case, the value of Von Neumann is gij), then the final expected value of
winnings is equal to g,,, and if G does not satisfy Eq. (1), then the final expected
value of winnings is not equal to the value of Von Neumann. Finally, some
games are simulated on a computer to verify the general analysis.

2. AUTOMATA GAMES

Let us assume that £ finite automata, A i,A^,. . .,A^, take part in the game.
These automata are defined as follows:

Definition 1. Automaton A, : A, =([r'}, {s'}, {f,'},^',^')
r'(t+l)=^'(.r'(t), s'(t+l))

AO-S-W))
where

r'(t) the state of A' at time t.

fl(t) the output (strategy) of A1 at time t.

s'(t) the input of A' at time ;-.

f&gt;'    the state transition function, [r'} X {s1} -&gt; {r'}.

Î'    the output function, {y7} -&gt; {}.

The input s' (t) of automaton A1 takes only two values of zero or one. The
value s'(t) = 0 will be called a "win" for A', while s'(t) = 1 will be called a
"loss." The output f'(t) of an automaton will be assumed to take one of the
k j values/f, .. . ,f^., and the state r'(t) will be assumed to take one of Ay values
r{, ...,//,.. We now describe a game between automata.

Definition 1. A game with £ automata is defined if, for all sets F(t), the
probabilities P [F(t):S(t + 1)] of its outcomes S(t + 1) are given, where

^ P [F(t):S(t +!)]=!

TWO-AUTOMATA GAMES                                               83

F(t) '. a set of the strategies by the ß automata at time t.
S(t+\)=(sl(t-^\),...,s\t+\})
: the set of outcome of play at time t.

In the usual meaning of the game theory, the payoff function M1 (F), defining a
game, denotes the expectation of winnings for the/th player, where

Mi(F)=      Z      {P^-.s1,...^''1^^^1,...^^
s1...^-1,^1..-^

-P^s1,...^-1,!,^1,...,^]}. (2)

Tsetlin and Krylov [2] showed that these systems may be described by a finite
Markov chain. If at the time t the ß automata are in states 7-1, ^,.. . , rg, respec-
tively, we say that the system is in state (r^, r^, ..., re). If.RO"i, r-i,..., rg)
represents the final probability of the system state being (/-i, r-i,. .., rg), then
W', the final expected value of the winnings of A', is given by

W'= ^ R(r,,r...,r,)M'(f,\,f^,...,f^).         (3)
ri... re

In the game theory, this quantity will be called the value of the game.
Let us consider two automata games, i.e.,

e=2

^M'(F)^Q


and for any pair of strategies F(f1 ,/2), we have

/Vl,2:0,0)=P(l,2:l,l)=0.              (4)

If by pij we define the probability that automaton A1 losses when the set of
strategies (/, ) is employed and by &lt;?,(= 1 - p,/) the probability that Al
wins for the same set of strategies, then, for this set of strategies, the expecta-
tion of winnings g,j for A1 is

Si, = qn - Pij-                              (5)

The rectangular matrix G = [g,j} is the game matrix. If at the time t, the autom-
aton A1 chooses , then the probability p, of a loss for A1 are given by

P^ZP,;^,                              (6)
/

where 7r,2 is a probability that/I2 chooses/y2 at the time t. If A2 employs a con-
stant mixed strategy, thenp,1 is constant. This is identical to the case of A1
being placed in random media. And if game matrix G = [gi,] is given, then,

84       AKIHIRO TAKEUCHI, TADAHIRO KITAHASHI, AND KOKICHI TANAKA
from Eq. (5), we have

P=(l-^)/2
'?,=(l+^/)/2.

3. TWO-AUTOMATA ZERO-SUM GAMES

(7)

Let us consider the two automata zero sum games between Fu's automata
with two strategies. The transition diagram of Fu's automaton is shown in Fig.
1. Each strategy corresponds to a set of n + 1 states, i.e.,

TO = TO =   = W =fl* (''f = i' 2).

8-1







8-0

Fig. 1. State transition of automaton/I.

Now we consider the two automata zero sum game between these automata, A1
and its opponent A2. The game matrix G is given by

[gn g\i

S2l     gîî.

(8)

where we will assume that gi i ^ gii ~^ Si\ '^Sn 

The game between these automata with the game matrix G is described by a
finite Markov chain. If we will assume that this game is ergodic, then we can
calculate the final probabilities of the states of the automata. We denote by
R'^ (i, j = 1, 2; a, ß = 0, l, ..., n) the final probability of the game in which the
first player, A1, is m the state /, and the second player, A1, is in the state r'.

*Note that, in the last section r'y shows the state of A1', but in this section, r'a shows the
state corresponding to the strategy ,.

TWO-AUTOMATA GAMES

We have

L^-i-

if,aß
From Eqs. (7), (8), and Fig. 1, we obtain the following relations:

^^E^o
&amp;

nil       DI/
"02   l^i|f\0l

^Ok =(^'l/^0(fc-l)

nij     ^  nil
-OOl-l)  t"/'VO(n-2)

^^^(n-D^Ü'^

^0=P,/-Z^
fc

^20=?^^)

^'^0 =PiiR^k-l)o

where

^(n-l)O ~ Pil^(n-2)o

^-P./^-DO^^'
^i', /^/

and other elements of7?^ are all zero.
From Eq. (10), we have

^=^-1^

^o=pr^'io (fc=i.2,...,«-i).

86      AKIHIRO TAKEUCHI, TADAHIRO KITAHASHI, AND KOKICHI TANAKA

Making use of the equations for R'^R1^ in Eq. (10) and Eq. (11), we have

n-\ nij , n pij'
lij ^01 'Vi/'^oi

R" =
''on

l - QiiQij'

n"-l /?'/ + n" /?'/'
^_P .0 ^0   ^^.               ^

°       l - P,/P,'/

Substitute Eq. (12) into Eq. (11), we have

RH = , _  q"^ \ Ri, +   g'^  Ri;

 m    l i                l -v i n               in

01 \  1-W// 10 l-^.7

/           M     /.^    V                      yi   /^

^ = f1 - T^-)/ï^+ -J^- ^1 ('7L i''/ ^')-   (13)
\   l-'?l/&lt;?f/7       ^^v'

10  l   l-^';101!-^101
Considering Eqs. (9) and (10), we find that

(R'i   R'i \
^ ^oi^ =1.                     (H)

Û' ^    p'/ /

From Eqs. (13) and (14), we can obtain

A1'

R" =

^»-n i

01   Z[(A"/q)+(B"/p)]
',/

R" =

Kin

B"

where

10   £ [(A"/q)+(B"lp)]
i,i

A11 = ceh + c f g + c/A + g/û? - (6ceA + cdfg + ce/A + c/^/0

B1 \ = ceh + cfg + cfh +gfd- (adgf+ cdfg + cefh + cfgh)

A12 = ae/t + afg + afh + beh - (abeh + adfg + aefh + afgh)

B12 = aeh + a f g + afh + éeA - (abeh + aefh + fl/^/; + bceh)

A21 = fl^ + ec^ + &amp;c/! + M^ - (a&amp;d^ + ab f g + &amp;C£^ + bcgh)

B21 = flu^ + &amp;c^ + bch + &amp;a^ - (abdg + écüfe- + AceA + bcgh)

A2Î = ade + a^ + &amp;ce + ö^e - (ffMe + adef + etrfe + ec^A)

B21 = ade + aJ/ + bee + Me - (abde + arfe/ + au?/^ + bede)      ( 15)

TWO-AUTOMATA GAMES                                               87

and

a= PnqliKl - qnqii)

b = (?2lP'?l/(l -PllP-ll)

c= PnC?2/(l -^ii^u)
d= q2-ip".zl(\ - PiîPiz)
e =P22&lt;?2i/(l - qîiQiî)

/=^llP21/(l -PllP2l)
g=P2lQ'îll(l -&lt;?21&lt;?22)
A =(?12P^2/0 - Pl2P2l)-

Then from Eqs. (10), (14), and (15), we have

^ _^ ^Yo_ (l/Ptf^)^^,;^'7-^)}

"~ li,    Pi, ~ Z(llpi,qi,){B"+p(A"-B")}'
i,i

where n,y = Î^R1^, i.e., tly is a final probability that the set of strategies
(/,1, ff) will be employed.

From Eqs. (2), (3), and (5), we obtain the final expected value of winnings
of A^W1, as follows:

w1 = Z "v^-                      (I7)
',/

Now, we write

kJ,(my, h],^],}" (7 =1,2,..., 8)

for the eight terms of A'7 andJ?'7, respectively, and if mJ. and n7 are maximum
elements of {w7} and {nJ.}, then we write

k^m,,)", h(nT

for the terms k].(m].)" and /^1.(n7)", respectively. From Eq. (13), it is clear that
^/0^/)" = hi/(n,j)". From Eqs. (16) and (17), we have

Z (gIP,i&lt;l) ^(mr [1 +(l|k(m)n)N(n)]}
W^^-.     (ig)

Z ( 1 IP., &lt;?,/) {^(m.,)" [l +(l/A,/(w)")M/(")]}
',/'

where

My(«) = {^ +p(A" - B")} - k(mf.

88       AKIHIRO TAKEUCHI, TADAHIRO KITAHASHI, AND KOKICHI TANAKA

We will assume that max (m,j) = w,^. If n becomes large enough (n -&gt; °°), then
we have

and

Finally, we have

ki,  l mi, &gt;
^oio V^'o/o^

O O-^o./^/o).

lim W^o/o- (19)

That is, the final expected value of winnings of A1 is determined by
max(w,y).

Now we divide the discussion into two parts, that is, the case that the game
matrix G satisfies Eq. (1) and the case that the game matrix G does not satisfy
Eq.(l).

[ 1 ] The case that the game matrix G satisfies Eq. (1).

Without loss of generality, it is assumed that the min max element of G is
gii. We will assume that the elements of (7 = [g,,] are ordered as follows:

g22&lt;g2t &lt;gll &lt;Sl2- (20)

Then, we have

min max [gij] = max min [g,j] = gn.
i   i         i   i

Thus, Eq. (1) holds. From Eqs. (7) and (20) we have

P-22 &gt; Pîl &gt; Pll &gt; Pl-2

Qii &lt;^2i &lt;q'n &lt;q'i2.                   (21)
Let us suppose that all elements of [^y] are positive, then we have

mil =&lt;?l2&lt;?2lP22

Wl2 =?11^2lP22

^l = Pll^lîfîïî

^22 =Pll&lt;?12'72l                              (22)

and

max{w,y} =mn = (?i2&lt;?2iP22.

TWO-AUTOMATA GAMES                                               89

Hence, from Eq. (19), we have

lim W1 =gn.
n-&gt; °o

Namely, the final expected value of winnings of A1 with large enough states is
identical to the value of Von Neumann. And if all or some elements are non-
positive, then we can prove that W\ is equal to the value of Von Neumann. The
relation between {w,,} and W1 is shown in Table 1.

TABLE l
Relation between (w,y}and H'1 (g^ &lt; gii &lt;gn &lt; giz)

m;i m\-i m-n m^ max {w,,} W1

0&lt;gîl         '?12ff2lP22   &lt;?ll'?2lP22  Pll&lt;?12'?22  Pll&lt;?12&lt;?21  QlllllPll   gll
Sîî'^Q&lt;gll   &lt;?12&lt;?2lP22   &lt;?ll&lt;?2lP22   Pl]?12P22  PllQlîClîl  &lt;? 129 21 P'22   gil
g2l'^0&lt;gll   '?12P2lP22   &lt;?llP2lP22  Pllffl2P22  Pllîl2'if21  q'12P2lP22   ^11
or

'?llPl2P2l

^11^0&lt;?i2   &lt;?12P2lP22   t?llP2lP22   P\\CfïîPîl  Pll'?12'?21  &lt;?12P2lP22   ^11

or
?llPl2P21
?12^0        &lt;?12P2lP22   '7llP2lP22  Pll'?12P22  &lt;?llPl2P21 &lt;l\lPllP-il   gil

Next, we will assume that the elements of [^y] are ordered as follows:

?21 &lt;^11 &lt;^12 &lt;?22.                   (23)

Then, we have

min max [^] = max min [^i,] = 5-11.
/   i          '   /

Thus, Eq. (l) holds at the same time. The relation between {wy} and W1 is
shown in Table 2. From Table 2, we have the result that the final expected
value of winnings ofyi1 is identical to the value of Von Neumann. In a similar
fashion, if G satisfies Eq. (1), i.e.,

gll &lt;gî2 &lt;gll &lt;gl2
g2l &lt;gll &lt;gll &lt;gl2,                      (24)

we can prove that W1 is equal to the value of Von Neumann.
[2] The case that the game matrix G does not satisfy Eq. (1).

90      AKIHIRO TAKEUCHI, TADAHIRO KITAHASHI, AND KOKICHI TANAKA

TABLE 2
Relation between {m,y}and W1 (g^i &lt;gn &lt;giz &lt;êîî)



	inn	OTi2	m-ii	m-i-i	max {m,y}	W/1
0&lt;g2l	'?12P21'?22	&lt;?llP21'?22	Pll'?12&lt;?22	Pll'?12fl21	&lt;?12P21?22	^11
g2l^0&lt;gll	'?12P21&lt;?22	flllP2lff22	Pllfll2'722	Pllqrl2'^21	QiîPîllîî	^11
				or		
				&lt;i^llPl2P2l		
gll^O&lt;Sl2	'?12P21'?22	&lt;?llP21'?22	Pll'?12&lt;?22	Pll'?12'?21	1lîP2l1îl	?11
				or		
				'?llPl2P21		
gl2^0&lt;g22	PlïPllQîî	Ï11P21Î22	PllPl2&lt;?22	&lt;?llPl2P21	Pl2P21&lt;?22	?11
Sîi^Q	PlîPllQll	'?llP2lP22	PllPl2'?22	'?llPl2P21	Pl2P21?22	^11

We will assume that the elements of G = [g,j\ are ordered as follows:

gii&lt;gii&lt;g2i&lt;giî                      (25)
then, we have

mm max [g J = g^i

max mm [g j =^22.

Then, Eq. (1) does not hold. The relation between {w} and W1 is shown in
Table 3. From Table 3, we have the result that the final expected value ofwin-



TABLE 3 Relation between {m,y}and W1 (gn &lt;gii &lt;g^i &lt;gn)	
mii m i; ffî2i OT22 max {m,y}	W1
0&lt;gll &lt;?12fl2lP22 ?ll&lt;2lP22 Pll'?12'?22 Pll'7l2'?21 Pllllî'îîl Sl\'^0&lt;Sîî Qï2l2lPî2 Pllfl2lP22 Pll?12&lt;?22 Pllîl2&lt;?21 PllÇl2&lt;?21 S22^0&lt;g2l &lt;?12'?2lP22 PlllllPzi Pll9l2P22 Pll'?12?21 lfP22&lt;q'21,thenPll'?12'721 Ifp22&gt;?21,thenPll&lt;?12P22Sîl^0&lt;gii qiîPîiPîî PiiqilPlî PllQllPîî Pll9l2fl2l Pll&lt;?l2P22 ^12=0 Çl2P2lP22 Pll'?2lP22 Pll9l2P22 PllPl2'?21 PllQllPîl	S-ll S'il Sîîgl\ gilSîî

TWO-AUTOMATA GAMES                                             91

nings of A1 with large enough states is not equal to the value of Von Neumann,
where the value of Von Neumann is

Siig-ii - SïiSii

§11 +,§'22 - glî ~ gît

In a similar fashion, if G does not satisfy Eq. (1), i.e.,

{Sii,gîî} &lt; {gn,gî}} or

{gll,g2î}&gt; [gl-i,Sîl},

then we can prove that W1 is not equal to the value of Von Neumann.

To verify the above results, the games have been simulated on a computer.
The number of the states of automata used in simulations is 26 (n +1=13). In
the first case, the game matrix was

,   r 0.2 0.61

Gl=\         \.                     (26)
L-0.4 0.8 J

This satisfies evidently Eq. (1). The process of the game is shown in Fig. 2. The
other game matrix was

,  r-0.4   0.81

Gl=\         \.                     (27)
L 0.6 -0.2 J




So 1»° s00 "»o Stoo t

Fig. 2. Winnings of Al for the game matrix (26).

92       AKIHIRO TAKEUCHI, TADAHIRO KITAHASHI, AND KOKICH1 TANAKA
I

the value of Von Neumann




Fig. 3. Winnings OÎA for the game matrix (27).

This matrix does not satisfy Eq. (1). Figure 3 gives a prot of the average win-
nings of A1 for this game.

4. CONCLUSIONS

Two automata zero sum games between automata proposed by Fu and Li are
considered and we obtain the following results.

(1) If the game matrix G satisfies Eq. (1), then the final expected value of
winnings, W1, is equal to the value of Von Neumann.

(2) If G' does not satisfy Eq. (1), then W1 is not equal to the value of Von
Neumann.

Moreover computer simulations are shown. These simulations indicate satis-
factory results.

In connection with two automata zero sum games, some topics (for examples
«-automata games, non-zero sum games, etc.) are retained as open problems.
Studies of them may be assumed to be one method to find the light for making
clear the human behavior and intelligence.

REFERENCES

l. M. L. Tsetlin, On the behavior of finite automata in random media, Automatika i
Telemekhanika 11, No. 10, 1210-1219 (1961).

TWO-AUTOMATA GAMES                                                93

2. V. Y. Krylov and M. L. Tsetlin, Games between automata, Automatika i Telemekhanika
24, No. 7, 975-987 (1963).

3. B. Chandrasekaran and D. W. Shen, Stochastic automata games, IEEE Trans. Systems
Scie. Cybern. SSC-15, 2, 145-149 (1969).

4. V. Y. Krylov, On one automaton that is asymptotically optimal in random medium,
Automatika i Telemekhanika 24, No. 9, 1114-1116 (1963).

5. K. S. F u and T. J. Li, Formulation of learning automata and automata games, Informa-
tion Sciences 1, 237-256 (1969).

6. A. Takeuclii and T. Kitahashi, On the behavior of stochastic automata in environments
reacting to those outputs in random fashion. Trans, of IECEJ 55D, No. 9, 589-593
(1972) (in Japanese).

Received January 5, 1973</dp:raw-text><dp:aggregation-type>Journals</dp:aggregation-type><dp:version-number>S350.1</dp:version-number></dp:document-properties><cja:converted-article version="4.5.2" docsubtype="fla" xml:lang="en" xmlns:cja="http://www.elsevier.com/xml/cja/schema">
		<cja:item-info>
			<cja:jid>INS</cja:jid>
			<cja:aid>74900073</cja:aid>
			<ce:pii xmlns:ce="http://www.elsevier.com/xml/common/schema">0020-0255(74)90007-3</ce:pii>
			<ce:doi xmlns:ce="http://www.elsevier.com/xml/common/schema">10.1016/0020-0255(74)90007-3</ce:doi>
			<ce:copyright type="unknown" year="1974" xmlns:ce="http://www.elsevier.com/xml/common/schema"/>
		</cja:item-info>
		<cja:head>
			<ce:title xmlns:ce="http://www.elsevier.com/xml/common/schema">Two-automata games</ce:title>
			<ce:author-group xmlns:ce="http://www.elsevier.com/xml/common/schema">
				<ce:author>
					<ce:given-name>Akihiro</ce:given-name>
					<ce:surname>Takeuchi</ce:surname>
				</ce:author>
				<ce:author>
					<ce:given-name>Tadahiro</ce:given-name>
					<ce:surname>Kitahashi</ce:surname>
				</ce:author>
				<ce:author>
					<ce:given-name>Kokichi</ce:given-name>
					<ce:surname>Tanaka</ce:surname>
				</ce:author>
				<ce:affiliation>
					<ce:textfn>Faculty of Engineering Science, Osaka University, Toyonaka, Osaka, Japan 560</ce:textfn>
				</ce:affiliation>
			</ce:author-group>
			<ce:date-received day="5" month="1" year="1973" xmlns:ce="http://www.elsevier.com/xml/common/schema"/>
			<ce:miscellaneous xmlns:ce="http://www.elsevier.com/xml/common/schema">Communicated by J. M. Richardson</ce:miscellaneous>
			<ce:abstract class="author" xmlns:ce="http://www.elsevier.com/xml/common/schema">
				<ce:section-title>Abstract</ce:section-title>
				<ce:abstract-sec>
					<ce:simple-para view="all">It is an interesting point of view to consider automata games as a model of human behaviors in a society. Automata games have been proposed by Tsetlin and Krylov. In their model, however, the final expected value of winnings was not equal to the value of Von Neumann in the game theory. In this paper, we consider the two automata zero sum games between automata proposed by Fu and Li with two strategies, and show that if the game matrix 
						<ce:italic>G</ce:italic> = [
						<ce:italic>g</ce:italic>
						<ce:inf loc="post">
							<ce:italic>ij</ce:italic>
						</ce:inf>] satisfies the condition 
						<ce:inline-figure baseline="0.0">
							<ce:link locator="fx1"/>
						</ce:inline-figure> then the final expected value of winnings is equal to the value of Von Neumann. Satisfactory results are obtained by computer simulations, as shown at the end of this paper.
					</ce:simple-para>
				</ce:abstract-sec>
			</ce:abstract>
		</cja:head>
		<cja:tail>
			<ce:bibliography view="all" xmlns:ce="http://www.elsevier.com/xml/common/schema">
				<ce:section-title>References</ce:section-title>
				<ce:bibliography-sec>
					<ce:bib-reference id="BIB1">
						<ce:label>1.</ce:label>
						<sb:reference xmlns:sb="http://www.elsevier.com/xml/common/struct-bib/schema">
							<sb:contribution langtype="en">
								<sb:authors>
									<sb:author>
										<ce:given-name>M.L.</ce:given-name>
										<ce:surname>Tsetlin</ce:surname>
									</sb:author>
								</sb:authors>
								<sb:title>
									<sb:maintitle>On the behavior of finite automata in random media</sb:maintitle>
								</sb:title>
							</sb:contribution>
							<sb:host>
								<sb:issue>
									<sb:series>
										<sb:title>
											<sb:maintitle>Automatika i Telemekhanika</sb:maintitle>
										</sb:title>
										<sb:volume-nr>22</sb:volume-nr>
									</sb:series>
									<sb:issue-nr>No. 10</sb:issue-nr>
									<sb:date>1961</sb:date>
								</sb:issue>
								<sb:pages>
									<sb:first-page>1210</sb:first-page>
									<sb:last-page>1219</sb:last-page>
								</sb:pages>
							</sb:host>
						</sb:reference>
					</ce:bib-reference>
					<ce:bib-reference id="BIB2">
						<ce:label>2.</ce:label>
						<sb:reference xmlns:sb="http://www.elsevier.com/xml/common/struct-bib/schema">
							<sb:contribution langtype="en">
								<sb:authors>
									<sb:author>
										<ce:given-name>V.Y.</ce:given-name>
										<ce:surname>Krylov</ce:surname>
									</sb:author>
									<sb:author>
										<ce:given-name>M.L.</ce:given-name>
										<ce:surname>Tsetlin</ce:surname>
									</sb:author>
								</sb:authors>
								<sb:title>
									<sb:maintitle>Games between automata</sb:maintitle>
								</sb:title>
							</sb:contribution>
							<sb:host>
								<sb:issue>
									<sb:series>
										<sb:title>
											<sb:maintitle>Automatika i Telemekhanika</sb:maintitle>
										</sb:title>
										<sb:volume-nr>24</sb:volume-nr>
									</sb:series>
									<sb:issue-nr>No. 7</sb:issue-nr>
									<sb:date>1963</sb:date>
								</sb:issue>
								<sb:pages>
									<sb:first-page>975</sb:first-page>
									<sb:last-page>987</sb:last-page>
								</sb:pages>
							</sb:host>
						</sb:reference>
					</ce:bib-reference>
					<ce:bib-reference id="BIB3">
						<ce:label>3.</ce:label>
						<sb:reference xmlns:sb="http://www.elsevier.com/xml/common/struct-bib/schema">
							<sb:contribution langtype="en">
								<sb:authors>
									<sb:author>
										<ce:given-name>B.</ce:given-name>
										<ce:surname>Chandrasekaran</ce:surname>
									</sb:author>
									<sb:author>
										<ce:given-name>D.W.</ce:given-name>
										<ce:surname>Shen</ce:surname>
									</sb:author>
								</sb:authors>
								<sb:title>
									<sb:maintitle>Stochastic automata games</sb:maintitle>
								</sb:title>
							</sb:contribution>
							<sb:host>
								<sb:issue>
									<sb:series>
										<sb:title>
											<sb:maintitle>IEEE Trans. Systems Scie. Cybern.</sb:maintitle>
										</sb:title>
										<sb:volume-nr>SSC-15</sb:volume-nr>
									</sb:series>
									<sb:issue-nr>2</sb:issue-nr>
									<sb:date>1969</sb:date>
								</sb:issue>
								<sb:pages>
									<sb:first-page>145</sb:first-page>
									<sb:last-page>149</sb:last-page>
								</sb:pages>
							</sb:host>
						</sb:reference>
					</ce:bib-reference>
					<ce:bib-reference id="BIB4">
						<ce:label>4.</ce:label>
						<sb:reference xmlns:sb="http://www.elsevier.com/xml/common/struct-bib/schema">
							<sb:contribution langtype="en">
								<sb:authors>
									<sb:author>
										<ce:given-name>V.Y.</ce:given-name>
										<ce:surname>Krylov</ce:surname>
									</sb:author>
								</sb:authors>
								<sb:title>
									<sb:maintitle>On one automaton that is asymptotically optimal in random medium</sb:maintitle>
								</sb:title>
							</sb:contribution>
							<sb:host>
								<sb:issue>
									<sb:series>
										<sb:title>
											<sb:maintitle>Automatika i Telemekhanika</sb:maintitle>
										</sb:title>
										<sb:volume-nr>24</sb:volume-nr>
									</sb:series>
									<sb:issue-nr>No. 9</sb:issue-nr>
									<sb:date>1963</sb:date>
								</sb:issue>
								<sb:pages>
									<sb:first-page>1114</sb:first-page>
									<sb:last-page>1116</sb:last-page>
								</sb:pages>
							</sb:host>
						</sb:reference>
					</ce:bib-reference>
					<ce:bib-reference id="BIB5">
						<ce:label>5.</ce:label>
						<sb:reference xmlns:sb="http://www.elsevier.com/xml/common/struct-bib/schema">
							<sb:contribution langtype="en">
								<sb:authors>
									<sb:author>
										<ce:given-name>K.S.</ce:given-name>
										<ce:surname>Fu</ce:surname>
									</sb:author>
									<sb:author>
										<ce:given-name>T.J.</ce:given-name>
										<ce:surname>Li</ce:surname>
									</sb:author>
								</sb:authors>
								<sb:title>
									<sb:maintitle>Formulation of learning automata and automata games</sb:maintitle>
								</sb:title>
							</sb:contribution>
							<sb:host>
								<sb:issue>
									<sb:series>
										<sb:title>
											<sb:maintitle>Information Sciences</sb:maintitle>
										</sb:title>
										<sb:volume-nr>1</sb:volume-nr>
									</sb:series>
									<sb:date>1969</sb:date>
								</sb:issue>
								<sb:pages>
									<sb:first-page>237</sb:first-page>
									<sb:last-page>256</sb:last-page>
								</sb:pages>
							</sb:host>
						</sb:reference>
					</ce:bib-reference>
					<ce:bib-reference id="BIB6">
						<ce:label>6.</ce:label>
						<sb:reference xmlns:sb="http://www.elsevier.com/xml/common/struct-bib/schema">
							<sb:contribution langtype="en">
								<sb:authors>
									<sb:author>
										<ce:given-name>A.</ce:given-name>
										<ce:surname>Takeuchi</ce:surname>
									</sb:author>
									<sb:author>
										<ce:given-name>T.</ce:given-name>
										<ce:surname>Kitahashi</ce:surname>
									</sb:author>
								</sb:authors>
								<sb:title>
									<sb:maintitle>On the behavior of stochastic automata in environments reacting to those outputs in random fashion</sb:maintitle>
								</sb:title>
							</sb:contribution>
							<sb:host>
								<sb:issue>
									<sb:series>
										<sb:title>
											<sb:maintitle>Trans. of IECEJ</sb:maintitle>
										</sb:title>
										<sb:volume-nr>55D</sb:volume-nr>
									</sb:series>
									<sb:issue-nr>No. 9</sb:issue-nr>
									<sb:date>1972</sb:date>
								</sb:issue>
								<sb:pages>
									<sb:first-page>589</sb:first-page>
									<sb:last-page>593</sb:last-page>
								</sb:pages>
							</sb:host>
							<sb:comment>(in Japanese).</sb:comment>
						</sb:reference>
					</ce:bib-reference>
				</ce:bibliography-sec>
			</ce:bibliography>
		</cja:tail>
	</cja:converted-article></doc:document>
